tconst	ordering	nconst	category	job	characters
tt9893844	3	nm2166814	self	\N	["Himself"]
tt9893844	4	nm2253396	self	\N	["Himself"]
tt9893844	5	nm2169938	self	\N	["Herself"]
tt9893846	1	nm0606862	actor	\N	["Dave"]
tt9893846	2	nm4593730	actress	\N	["Emma"]
tt9893846	3	nm4314832	actor	\N	["Jessica"]
tt9893846	4	nm2134124	actress	\N	["Jackie"]
tt9893846	5	nm2428673	director	\N	\N
tt9893846	6	nm5713180	producer	producer	\N
tt9893846	7	nm8588979	editor	\N	\N
tt9893852	1	nm10083985	self	\N	["Herself"]
tt9893852	2	nm10088669	self	\N	["Herself"]
tt9893852	3	nm2163736	self	\N	["Himself"]
tt9893852	4	nm10097505	self	\N	["Herself"]
tt9893852	5	nm2166814	self	\N	["Himself"]
tt9893854	1	nm2163736	self	\N	["Himself"]
tt9893854	2	nm2166814	self	\N	["Himself"]
tt9893854	3	nm5241339	self	\N	["Himself"]
tt9893856	1	nm0722619	self	\N	["Himself - Host"]
tt9893858	1	nm2163736	self	\N	["Himself"]
tt9893858	2	nm10097505	self	\N	["Herself"]
tt9893858	3	nm2166814	self	\N	["Himself"]
tt9893858	4	nm5241339	self	\N	["Himself"]
tt9893866	1	nm1368919	actress	\N	["Claire"]
tt9893866	2	nm5939701	actor	\N	["Trey"]
tt9893866	3	nm9782487	actor	\N	["David"]
tt9893866	4	nm8995802	actor	\N	\N
tt9893866	5	nm8903819	director	\N	\N
tt9893866	6	nm8830218	actress	\N	\N